FilePath,oldname,BaseID,URL,Keyword
B:\DownlordsWork\FC2-2026-02Part4\4849031.mp4,4849031.mp4,4849031,https://sukebei.nyaa.si/?f=2&c=2_2&q=4849031,【薄顔モザイク】某投資会社の勤務の奥様　薄顔モザ完全版
B:\DownlordsWork\FC2-2026-02Part4\4827201.mp4,4827201.mp4,4827201,https://sukebei.nyaa.si/?f=2&c=2_2&q=4827201,【無修正】ムチムチな体が美味そうでたまらない！美人系デブマンコに肉棒を差し込む喜び！デカいクリに****（後編）
B:\DownlordsWork\FC2-2026-02Part4\4830434_1.mp4,4830434_1.mp4,4830434,https://sukebei.nyaa.si/?f=2&c=2_2&q=4830434,【個人撮影】大胆ドスケベ敏感パイパン美女かよちゃん前後編セット【高画質リマスター版】
B:\DownlordsWork\FC2-2026-02Part4\4830434_2.mp4,4830434_2.mp4,4830434,https://sukebei.nyaa.si/?f=2&c=2_2&q=4830434,【個人撮影】大胆ドスケベ敏感パイパン美女かよちゃん前後編セット【高画質リマスター版】
B:\DownlordsWork\FC2-2026-02Part4\4830434_3.mp4,4830434_3.mp4,4830434,https://sukebei.nyaa.si/?f=2&c=2_2&q=4830434,【個人撮影】大胆ドスケベ敏感パイパン美女かよちゃん前後編セット【高画質リマスター版】
B:\DownlordsWork\FC2-2026-02Part4\4830434_4.mp4,4830434_4.mp4,4830434,https://sukebei.nyaa.si/?f=2&c=2_2&q=4830434,【個人撮影】大胆ドスケベ敏感パイパン美女かよちゃん前後編セット【高画質リマスター版】
B:\DownlordsWork\FC2-2026-02Part4\4846513.mp4,4846513.mp4,4846513,https://sukebei.nyaa.si/?f=2&c=2_2&q=4846513,【女神ちゃん】マジメな工場勤務みずき22歳が撮影されて大量潮吹き！【裏垢/個撮】
B:\DownlordsWork\FC2-2026-02Part4\4846723_1.mp4,4846723_1.mp4,4846723,https://sukebei.nyaa.si/?f=2&c=2_2&q=4846723,【初撮り３発射】看護師を目指す２０歳のスレンダー＆美巨乳な美裸体。ハメ撮りド./クターがエッチな献身性をレクチャー。
B:\DownlordsWork\FC2-2026-02Part4\4846723_2.mp4,4846723_2.mp4,4846723,https://sukebei.nyaa.si/?f=2&c=2_2&q=4846723,【初撮り３発射】看護師を目指す２０歳のスレンダー＆美巨乳な美裸体。ハメ撮りド./クターがエッチな献身性をレクチャー。
B:\DownlordsWork\FC2-2026-02Part4\4847317.mp4,4847317.mp4,4847317,https://sukebei.nyaa.si/?f=2&c=2_2&q=4847317,みいな 22歳・パンスト破り・RQニーハイブーツ・色白黒髪・セフレ。 今日は久々に会ったみいなに、俺のわがまま全開でレースクイーン衣装を着てもらった。光沢パンストに真っ白なニーハイブーツ…似合いすぎて
B:\DownlordsWork\FC2-2026-02Part4\4847320.mp4,4847320.mp4,4847320,https://sukebei.nyaa.si/?f=2&c=2_2&q=4847320,【白昼の未公開映像】垂れ乳Mika＆地味*Suzuの肉便器貸し出しスワップ乱交パーティー
B:\DownlordsWork\FC2-2026-02Part4\4847471.mp4,4847471.mp4,4847471,https://sukebei.nyaa.si/?f=2&c=2_2&q=4847471,潮吹きの概念を書き換えた保育士｜あの世に逝くまで全ての穴に精*を流し込み不可避の連続絶頂｜吹きすぎて脱水症状が出たので唾液入りの水を口移しで補充しながらも潮を吹き続ける無限地獄。
B:\DownlordsWork\FC2-2026-02Part4\4847596.mp4,4847596.mp4,4847596,https://sukebei.nyaa.si/?f=2&c=2_2&q=4847596,Ｅカップスレンダー女を激ハメ！顔射でドロドロの顔面が背徳感えぐすぎるｗ
B:\DownlordsWork\FC2-2026-02Part4\4847871.mp4,4847871.mp4,4847871,https://sukebei.nyaa.si/?f=2&c=2_2&q=4847871,【初撮り】色白Ｆカップがたまんない！！清楚な見た目からは想像もつかないイキまくり体質で、喘ぎまくる姿に興奮したので***中出し！！
B:\DownlordsWork\FC2-2026-02Part4\4848055.mp4,4848055.mp4,4848055,https://sukebei.nyaa.si/?f=2&c=2_2&q=4848055,【無】美しい人妻さんとフェラだけのハズが、、、本番にまで発展してしまった、、、 ～4時間目～
B:\DownlordsWork\FC2-2026-02Part4\4848068_2.mp4,4848068_2.mp4,4848068,https://sukebei.nyaa.si/?f=2&c=2_2&q=4848068,可愛すぎ！”本編2時間32分13秒”潮吹きＰＰ天使かなたん通常コスをエッチ大好き細身■リデカくりぺったん新人くじらちゃんでＹ字立ちえっち種付け中出し編
B:\DownlordsWork\FC2-2026-02Part4\4848192_1.mp4,4848192_1.mp4,4848192,https://sukebei.nyaa.si/?f=2&c=2_2&q=4848192,爆乳痴女パイズリデリバリー
B:\DownlordsWork\FC2-2026-02Part4\4848192_2.mp4,4848192_2.mp4,4848192,https://sukebei.nyaa.si/?f=2&c=2_2&q=4848192,爆乳痴女パイズリデリバリー
B:\DownlordsWork\FC2-2026-02Part4\4848294.mp4,4848294.mp4,4848294,https://sukebei.nyaa.si/?f=2&c=2_2&q=4848294,【初・無】「待って中は聞いてない…」全国出場経験の170㎝高身長バスケ**。腹筋割れてるシコい身体が快感で痙攣。初めての2度の中出しに困惑し沼。。
B:\DownlordsWork\FC2-2026-02Part4\4848358.mp4,4848358.mp4,4848358,https://sukebei.nyaa.si/?f=2&c=2_2&q=4848358,【特典付き】【個人撮影】【顔全出し】清楚系JD20歳のむっつり本性解放！自分からおちんぽを咥えて腰を振り狂い、指を喉奥までベロベロ舐めまくりながらバックで絶頂！
B:\DownlordsWork\FC2-2026-02Part4\4848439.mp4,4848439.mp4,4848439,https://sukebei.nyaa.si/?f=2&c=2_2&q=4848439,[藻無し特典]イチャラブ美容師さつきちゃん。天国に導く乳首舐め騎乗位で二連射させられました。
B:\DownlordsWork\FC2-2026-02Part4\4848588.mp4,4848588.mp4,4848588,https://sukebei.nyaa.si/?f=2&c=2_2&q=4848588,身の縮む思いで出演 野外で頭を鷲掴み口内発射からのホテルでどっぷり孕ませ中出しの2射精
B:\DownlordsWork\FC2-2026-02Part4\4848608.mp4,4848608.mp4,4848608,https://sukebei.nyaa.si/?f=2&c=2_2&q=4848608,個撮 奥突きバックで漏れ出す潮吹きマン汁。最強にエロいグラインド騎乗位の腰使い。童顔美女ガチセフレとのいちゃラブハメ撮り。
B:\DownlordsWork\FC2-2026-02Part4\4848629.mp4,4848629.mp4,4848629,https://sukebei.nyaa.si/?f=2&c=2_2&q=4848629,【個人撮影】旦那のいない真っ昼間から他人のチンポを欲しがる美女妻に中出し
B:\DownlordsWork\FC2-2026-02Part4\4848682.mp4,4848682.mp4,4848682,https://sukebei.nyaa.si/?f=2&c=2_2&q=4848682,"美形の若妻○○ちゃん登場！！中出し,『なんでもやらせてくれる○○ちゃん個人撮影』個撮オリジナル"
B:\DownlordsWork\FC2-2026-02Part4\4848687.mp4,4848687.mp4,4848687,https://sukebei.nyaa.si/?f=2&c=2_2&q=4848687,?優勝しました?※パート②※超絶かわいい！長身170㎝神スタイル美女・24歳⇒カラダが柔らかすぎてY字バランスでハメてそのまま中に出しました（あやみ）
B:\DownlordsWork\FC2-2026-02Part4\4848714.mp4,4848714.mp4,4848714,https://sukebei.nyaa.si/?f=2&c=2_2&q=4848714,【個人撮影】奇跡の出演！清楚系美女！上品なフェラに育ちの良さを感じるお嬢様に生ハメ中出し！**は有名企業の取締役！
B:\DownlordsWork\FC2-2026-02Part4\4848752.mp4,4848752.mp4,4848752,https://sukebei.nyaa.si/?f=2&c=2_2&q=4848752,【SSS級】【完全シークレット版】FC2を愛する全ての人に捧げます！ツンデレ系”かんなちゃん、クォーター19歳JDが魅せる本性むき出しの醜態性【第8章】
B:\DownlordsWork\FC2-2026-02Part4\4848757.mp4,4848757.mp4,4848757,https://sukebei.nyaa.si/?f=2&c=2_2&q=4848757,あの人は今...。【無】消息不明のあの美女との思い出のエッチ。人のち〇ち〇で楽しそうに遊んでいた無邪気な彼女を生ハメで道具にしたことは一生忘れない。※特典あり
B:\DownlordsWork\FC2-2026-02Part4\4848774.mp4,4848774.mp4,4848774,https://sukebei.nyaa.si/?f=2&c=2_2&q=4848774,【2025年大注目】大手事務所所属インフルエンサー 活動開始前のハメ撮りがまさかの…
B:\DownlordsWork\FC2-2026-02Part4\4848775.mp4,4848775.mp4,4848775,https://sukebei.nyaa.si/?f=2&c=2_2&q=4848775,【史上最高奇跡の美女が登場！】Fカップゆあちゃんサンタコスで大量顔射！今年最高のXmasプレゼント！
B:\DownlordsWork\FC2-2026-02Part4\4848778.mp4,4848778.mp4,4848778,https://sukebei.nyaa.si/?f=2&c=2_2&q=4848778,第２弾！剛毛度200%！ようやく見つけた幻の天使！経験の少ない美女がデカチンと濃厚えっち！
B:\DownlordsWork\FC2-2026-02Part4\4848781.mp4,4848781.mp4,4848781,https://sukebei.nyaa.si/?f=2&c=2_2&q=4848781,370_【パーツ特化美麗映像】高身長美女がファンに捧げる口元・耳・うなじ・足・おまんこ＆クリ超ドアップ！しわ・毛穴・愛液まで部位フェチ直撃！アヘ媚びしながら全部晒し中出し3P！遥ちゃん第2章【海外版】
B:\DownlordsWork\FC2-2026-02Part4\4848842.mp4,4848842.mp4,4848842,https://sukebei.nyaa.si/?f=2&c=2_2&q=4848842,【無】FG○イシュ○ルが尻を叩かれて喘ぎまくるド変態駄女神だったのでそのまま大量中出ししてあげた
B:\DownlordsWork\FC2-2026-02Part4\4848871.mp4,4848871.mp4,4848871,https://sukebei.nyaa.si/?f=2&c=2_2&q=4848871,【無】レベチな彼女と超イチャラブSEX 超超超！大洪水スプラッシュ オイルぬるぬるテカテカ 孕ませ確定！濃厚大量射精！！精*押し込み受精！！【購入者特典！】
B:\DownlordsWork\FC2-2026-02Part4\4848907_1.mp4,4848907_1.mp4,4848907,https://sukebei.nyaa.si/?f=2&c=2_2&q=4848907,旦那が無精*症のりなさん（25才）に性行為での精*提供を行ってきました。
B:\DownlordsWork\FC2-2026-02Part4\4848907_2.mp4,4848907_2.mp4,4848907,https://sukebei.nyaa.si/?f=2&c=2_2&q=4848907,旦那が無精*症のりなさん（25才）に性行為での精*提供を行ってきました。
B:\DownlordsWork\FC2-2026-02Part4\4848924.mp4,4848924.mp4,4848924,https://sukebei.nyaa.si/?f=2&c=2_2&q=4848924,未成人みのあるルックスにイケないことをしている気分になってくることねちゃんに車内でフェラ抜き＆ごっくんをしてもらいました。
B:\DownlordsWork\FC2-2026-02Part4\4848935.mp4,4848935.mp4,4848935,https://sukebei.nyaa.si/?f=2&c=2_2&q=4848935,SEXしてもいい年齢なのか不安になることねちゃんの激キツマンに生チン突っ込んで中出し＆顔射しちゃったら罪悪感と快感が同時に来てすごい経験になりましたｗ
B:\DownlordsWork\FC2-2026-02Part4\4848968.mp4,4848968.mp4,4848968,https://sukebei.nyaa.si/?f=2&c=2_2&q=4848968,色白Fカップと遠隔ローター散歩→ネカフェで手コキ＆フェラ抜き
B:\DownlordsWork\FC2-2026-02Part4\4849026.mp4,4849026.mp4,4849026,https://sukebei.nyaa.si/?f=2&c=2_2&q=4849026,『使い込んだスケベ乳首と膣穴』派手なサテンピンクのおぱんちゅ 手マン潮吹き健康診断【4K超高画質】
B:\DownlordsWork\FC2-2026-02Part4\4849097.mp4,4849097.mp4,4849097,https://sukebei.nyaa.si/?f=2&c=2_2&q=4849097,【無・完全素人・生中出し】長身でスレンダーな可愛いOLさん。クールな表情でも、まんこはヌルヌル。おじさんの舐めと太チンでみるみるHな顔になります！ツルツルまんこにドクドク生中出しです
B:\DownlordsWork\FC2-2026-02Part4\4849100.mp4,4849100.mp4,4849100,https://sukebei.nyaa.si/?f=2&c=2_2&q=4849100,【完全新作！】ゆに18歳・顔射・生。ニコニコ黒髪ぽっちゃりちゃんが全て言いなり。マスクを外してアナルの中までディープに舐めさせる（072）
B:\DownlordsWork\FC2-2026-02Part4\4849141.mp4,4849141.mp4,4849141,https://sukebei.nyaa.si/?f=2&c=2_2&q=4849141,【無】スレンダーボディの極上美女がエビ反りになりながら潮吹きして絶頂する極秘映像『河〇〇伽』【特典で高画質】
B:\DownlordsWork\FC2-2026-02Part4\4849264.mp4,4849264.mp4,4849264,https://sukebei.nyaa.si/?f=2&c=2_2&q=4849264,【4K特典あり】『2024年退社 清純派アナウンサー』素顔完全公開で衝撃のFC2デビュー。約80分間の生性行為映像。
B:\DownlordsWork\FC2-2026-02Part4\4849319.mp4,4849319.mp4,4849319,https://sukebei.nyaa.si/?f=2&c=2_2&q=4849319,アナウンサー志望の都内在住JD２１歳　ダメ元で交渉してみたら撮影できた奇跡のハメ撮り
B:\DownlordsWork\FC2-2026-02Part4\4849327.mp4,4849327.mp4,4849327,https://sukebei.nyaa.si/?f=2&c=2_2&q=4849327,【再生回数爆上げ】一般企業の受付嬢 承認欲求満たす生ハメ中出し****セックス【濃厚精液】
B:\DownlordsWork\FC2-2026-02Part4\4849351.mp4,4849351.mp4,4849351,https://sukebei.nyaa.si/?f=2&c=2_2&q=4849351,【個撮ナンパ-無】Fカップ巨乳の可愛い**。デカチン見て大興奮。膣奥ピストンにアヘ顔晒してポルチオイキ連発【海外版】特典あり
B:\DownlordsWork\FC2-2026-02Part4\4849379_1.mp4,4849379_1.mp4,4849379,https://sukebei.nyaa.si/?f=2&c=2_2&q=4849379,【無】極秘映像★超人気を誇ったあの*の完全プライベート映像★見逃し厳禁
B:\DownlordsWork\FC2-2026-02Part4\4849379_2.mp4,4849379_2.mp4,4849379,https://sukebei.nyaa.si/?f=2&c=2_2&q=4849379,【無】極秘映像★超人気を誇ったあの*の完全プライベート映像★見逃し厳禁
B:\DownlordsWork\FC2-2026-02Part4\4849429.mp4,4849429.mp4,4849429,https://sukebei.nyaa.si/?f=2&c=2_2&q=4849429,【無】Part? 巨根黒人4人と欲求不満な美人妻のりちゃんと4連発生中出しNTR孕ませハードコア5Pファック！
B:\DownlordsWork\FC2-2026-02Part4\4849438.mp4,4849438.mp4,4849438,https://sukebei.nyaa.si/?f=2&c=2_2&q=4849438,バイト先の先輩をセフレに！ 彼氏持ちのくせにビクビク痙攣　 デカチンに完全敗北49回も絶頂！ 中出しダメって言ってたのに 自分から中出し懇願// 『これやばい！イクッ！！ねぇまたイクッ！！』
B:\DownlordsWork\FC2-2026-02Part4\4849439.mp4,4849439.mp4,4849439,https://sukebei.nyaa.si/?f=2&c=2_2&q=4849439,【3P・連続中出し】溢れて零れ始めた性欲を我慢出来ない26歳人妻　2本を並べて交互に上から深く差し込んで違う感触の快楽を貪っていく・・・
B:\DownlordsWork\FC2-2026-02Part4\4849606.mp4,4849606.mp4,4849606,https://sukebei.nyaa.si/?f=2&c=2_2&q=4849606,(無修正）おじさんと若者シリーズ　個人撮影 顔出し（ 巨根OG＆メタボOGさん2人と超マニアPLで3P 編）part37 【MP4】
B:\DownlordsWork\FC2-2026-02Part4\4849618.mp4,4849618.mp4,4849618,https://sukebei.nyaa.si/?f=2&c=2_2&q=4849618,医療系の仕事をしているスタイル抜群の巨乳ちゃん！突然のナンパOKな超ノリノリガールのエロおっぱいに大興奮中出し
B:\DownlordsWork\FC2-2026-02Part4\4849654.mp4,4849654.mp4,4849654,https://sukebei.nyaa.si/?f=2&c=2_2&q=4849654,年の差３１歳の相思相愛カップル　自宅で撮影したハメ撮り（中出し）
B:\DownlordsWork\FC2-2026-02Part4\4849795.mp4,4849795.mp4,4849795,https://sukebei.nyaa.si/?f=2&c=2_2&q=4849795,【はじめての中出し】巨乳ツインテ18歳・おじさんにパイズリさせられたり初めておちんちんを生で挿入する貴重映像
